sitio,ponto,data,especie,individuo,abund_50,abund_L,altura,comp_raiz,comp_folha,larg_folha,comp_peciolo,larg_caule,grau_herbivoria
Guaraguacu,M1,abr./16,Apalanthe_sp,1,1,1,6.5,1,0.6,0.05,NA,0.05,0
Guaraguacu,M1,abr./16,Apalanthe_sp,2,1,1,9,6,0.4,0.05,NA,0.15,0
Guaraguacu,M1,abr./16,Eichhornia_crassipes,1,1,2,15,19,4.7,3.6,11,0.6,2
Guaraguacu,M1,abr./16,Eichhornia_crassipes,2,1,2,17.5,41,7.5,7.5,13,1.5,3
Guaraguacu,M1,abr./16,Eichhornia_crassipes,3,1,2,25,40,6.5,8,16,1,3
Guaraguacu,M1,abr./16,Eleocharis_tenuissima,1,4,5,71,NA,71,0.4,NA,NA,0
Guaraguacu,M1,abr./16,Eleocharis_tenuissima,2,4,5,90,NA,90,0.5,NA,NA,0
Guaraguacu,M1,abr./16,Eleocharis_tenuissima,3,4,5,147,NA,147,0.5,NA,NA,0
Guaraguacu,M1,abr./16,Eleocharis_geniculata,1,4,5,33,NA,39,0.2,NA,NA,0
Guaraguacu,M1,abr./16,Eleocharis_geniculata,2,4,5,45,NA,55,0.2,NA,NA,0
Guaraguacu,M1,abr./16,Eleocharis_geniculata,3,4,5,50,NA,54,0.15,NA,NA,0
Guaraguacu,M1,abr./16,Hymenachne_amplexicaulis,1,2,2,40,NA,12,2.8,NA,0.4,2
Guaraguacu,M1,abr./16,Hymenachne_amplexicaulis,2,2,2,62,NA,9,2.4,NA,0.4,2
Guaraguacu,M1,abr./16,Hymenachne_amplexicaulis,3,2,2,99,NA,14.5,3,NA,0.5,0
Guaraguacu,M1,abr./16,Ludwigia_peruviana,1,1,2,22,19,4.2,2.3,0.7,0.3,2
Guaraguacu,M1,abr./16,Ludwigia_peruviana,2,1,2,24,22,9,4.7,1.2,0.8,2
Guaraguacu,M1,abr./16,Ludwigia_peruviana,3,1,2,38,19,8,4.4,1.2,0.7,1
Guaraguacu,M1,abr./16,Nymphaea_sp,1,2,5,0.01,20,30,29,169,NA,3
Guaraguacu,M1,abr./16,Nymphaea_sp,2,2,5,0.01,12.5,26,24,216,NA,3
Guaraguacu,M1,abr./16,Nymphaea_sp,3,2,5,0.01,5,30.5,26.5,198,NA,5
Guaraguacu,M1,abr./16,Polygonum_punctatum,1,1,1,13,42,8.5,1.3,NA,0.4,3
Guaraguacu,M1,abr./16,Polygonum_punctatum,2,1,1,15,5.5,9.5,1.7,NA,0.5,4
Guaraguacu,M1,abr./16,Polygonum_punctatum,3,1,1,17,6.5,5.5,1.2,NA,0.4,3
Guaraguacu,M1,abr./16,Ricciocarpus_natans,1,1,1,0.1,0.3,0.4,0.3,NA,NA,0
Guaraguacu,M1,abr./16,Ricciocarpus_natans,2,1,1,0.1,0.6,0.4,0.3,NA,NA,0
Guaraguacu,M1,abr./16,Ricciocarpus_natans,3,1,1,0.1,0.6,0.4,0.4,NA,NA,0
Guaraguacu,M1,abr./16,Rhyncosphora_sp,1,2,3,73,NA,51,0.7,NA,NA,3
Guaraguacu,M1,abr./16,Rhyncosphora_sp,2,2,3,120,NA,28,1,NA,NA,2
Guaraguacu,M1,abr./16,Rhyncosphora_sp,3,2,3,132,NA,38,1.3,NA,NA,2
Guaraguacu,M1,abr./16,Salvinia_biloba,1,1,1,0.1,3,1.2,1,0.5,0.1,4
Guaraguacu,M1,abr./16,Salvinia_biloba,2,1,1,0.1,3,1.2,1,0.5,0.1,4
Guaraguacu,M1,abr./16,Salvinia_biloba,3,1,1,0.2,0.7,0.9,0.5,0.35,0.1,1
Guaraguacu,M1,abr./16,Utricularia_gibba,1,1,1,6,NA,0.3,0.05,NA,0.05,0
Guaraguacu,M1,abr./16,Utricularia_gibba,2,1,1,6.5,NA,0.2,0.02,NA,0.05,0
Guaraguacu,M10,abr./16,Crinum_americanum,1,5,5,66,NA,73.5,3.4,NA,NA,0
Guaraguacu,M10,abr./16,Crinum_americanum,2,5,4,46,NA,98,3.8,NA,NA,0
Guaraguacu,M10,abr./16,Crinum_americanum,3,5,5,92,NA,95,4.2,NA,NA,1
Guaraguacu,M10,abr./16,Eichhornia_crassipes,1,1,1,2.9,8.2,1.6,1.9,0.7,0.5,1
Guaraguacu,M10,abr./16,Eichhornia_crassipes,2,1,1,7.5,32,3.8,5.4,5.7,0.75,3
Guaraguacu,M10,abr./16,Eichhornia_crassipes,3,1,1,7.5,10.8,3.8,5.9,6.4,0.6,2
Guaraguacu,M10,abr./16,Pistia_stratiotes,1,1,1,3,9,5,5.5,1,0.35,2
Guaraguacu,M10,abr./16,Pistia_stratiotes,2,1,1,2.8,4.4,3.8,3.6,0.8,0.25,3
Guaraguacu,M10,abr./16,Pistia_stratiotes,3,1,1,4.2,15.5,6.2,5.3,2,0.25,3
Guaraguacu,M2,abr./16,Azolla_caroliniana,1,1,1,0.1,4.3,0.1,0.2,NA,NA,0
Guaraguacu,M2,abr./16,Azolla_caroliniana,2,1,1,0.1,6.5,0.05,0.1,NA,NA,0
Guaraguacu,M2,abr./16,Azolla_caroliniana,3,1,1,0.15,1.8,0.15,0.3,NA,NA,0
Guaraguacu,M2,abr./16,Egeria_najas,1,1,1,0,0.2,0.5,0.45,NA,NA,0
Guaraguacu,M2,abr./16,Egeria_najas,2,1,1,0,0.3,0.65,0.7,NA,NA,0
Guaraguacu,M2,abr./16,Egeria_najas,3,1,1,0,0.35,0.5,0.6,NA,NA,0
Guaraguacu,M2,abr./16,Eichhornia_crassipes,1,2,4,8,15.5,5.9,6.2,7.6,0.7,2
Guaraguacu,M2,abr./16,Eichhornia_crassipes,2,2,4,10,43,7,8,13,0.8,5
Guaraguacu,M2,abr./16,Eichhornia_crassipes,3,2,5,17,27,6.5,7.5,17,0.9,5
Guaraguacu,M2,abr./16,Eleocharis_geniculata,1,4,5,25,NA,28,0.2,NA,NA,0
Guaraguacu,M2,abr./16,Eleocharis_geniculata,2,4,5,44,11.5,121,0.15,NA,NA,2
Guaraguacu,M2,abr./16,Eleocharis_geniculata,3,4,5,59,NA,91,0.1,NA,NA,0
Guaraguacu,M2,abr./16,Hymenachne_amplexicaulis,1,4,4,55,21,17.5,2.9,NA,0.55,1
Guaraguacu,M2,abr./16,Hymenachne_amplexicaulis,2,4,4,55,23,19,3.1,NA,0.5,2
Guaraguacu,M2,abr./16,Hymenachne_amplexicaulis,3,4,4,91,20,18.5,3,NA,0.4,0
Guaraguacu,M2,abr./16,Lemna_sp,1,1,1,0,1.3,0.3,0.15,NA,NA,0
Guaraguacu,M2,abr./16,Ludwigia_peruviana,1,1,3,42,43,5.5,2.4,0.7,0.5,1
Guaraguacu,M2,abr./16,Ludwigia_peruviana,2,1,3,43,46,5.5,2.7,0.4,0.6,2
Guaraguacu,M2,abr./16,Ludwigia_peruviana,3,1,3,60,48,5.7,2.7,0.45,0.5,1
Guaraguacu,M2,abr./16,Myriophyllum_aquaticum,2,1,1,3.1,14.5,1.5,0.6,0.35,0.3,0
Guaraguacu,M2,abr./16,Myriophyllum_aquaticum,3,1,1,3.5,7.5,1.3,0.5,0.35,0.15,0
Guaraguacu,M2,abr./16,Myriophyllum_aquaticum,,1,1,3.7,13.5,1,0.5,0.2,0.4,0
Guaraguacu,M2,abr./16,Polygonum_hydropiperoides,1,1,1,10,6,6.5,1.8,0.5,0.3,2
Guaraguacu,M2,abr./16,Polygonum_hydropiperoides,2,1,1,43,17.5,7.5,2.1,0.9,0.3,3
Guaraguacu,M2,abr./16,Polygonum_hydropiperoides,3,1,1,51,22,11,2.6,1,0.3,2
Guaraguacu,M2,abr./16,Rhyncosphora_sp,1,4,5,103,NA,103,1.8,NA,NA,1
Guaraguacu,M2,abr./16,Rhyncosphora_sp,2,4,4,70,NA,70,1.5,NA,NA,3
Guaraguacu,M2,abr./16,Rhyncosphora_sp,3,4,4,115,NA,115,1.5,NA,NA,3
Guaraguacu,M2,abr./16,Salvinia_auriculata,1,1,4,0.4,12,1.7,1.5,0.6,0.1,3
Guaraguacu,M2,abr./16,Salvinia_auriculata,2,1,3,0.7,7.5,1.9,1.55,0.5,0.15,1
Guaraguacu,M2,abr./16,Salvinia_auriculata,3,1,3,0.8,6.5,1.8,1.5,0.35,0.1,2
Guaraguacu,M2,abr./16,Salvinia_biloba,1,1,1,0.2,3.4,0.85,0.6,0.25,15,2
Guaraguacu,M2,abr./16,Salvinia_biloba,2,1,1,0.4,3.8,1.1,0.95,0.3,0.05,3
Guaraguacu,M2,abr./16,Salvinia_minima,1,1,1,0.1,0.5,0.5,0.4,0.15,0.01,2
Guaraguacu,M2,abr./16,Urochloa_arrecta,1,1,1,26,5.3,7.5,1.8,NA,0.3,1
Guaraguacu,M2,abr./16,Urochloa_arrecta,2,1,2,62,52,6.4,1.55,NA,0.5,5
Guaraguacu,M2,abr./16,Urochloa_arrecta,3,1,1,69,39.5,6.7,1.9,NA,0.4,3
Guaraguacu,M3,abr./16,Alternanthera_limosa,1,1,1,3.5,6.5,3.3,1.4,0.45,0.4,2
Guaraguacu,M3,abr./16,Alternanthera_limosa,2,1,1,6,6.2,2.9,1.35,0.5,0.35,3
Guaraguacu,M3,abr./16,Alternanthera_limosa,3,1,1,8.5,7.5,3.4,1.2,0.3,0.35,3
Guaraguacu,M3,abr./16,Crinum_americanum,1,3,2,52,NA,52,3.4,NA,NA,1
Guaraguacu,M3,abr./16,Crinum_americanum,2,3,5,90,NA,90,3.7,NA,NA,2
Guaraguacu,M3,abr./16,Crinum_americanum,3,3,5,160,NA,160,5.2,NA,NA,2
,,,,,,,,,,,,,
,,,,,,,,,,,,,
,,,,,,,,,,,,,
Guaraguacu,M3,abr./16,Hymenachne_amplexicaulis,1,2,2,40,14,14.3,2.35,NA,0.6,0
Guaraguacu,M3,abr./16,Hymenachne_amplexicaulis,2,2,2,50,24.5,18,2.9,NA,0.6,2
Guaraguacu,M3,abr./16,Hymenachne_amplexicaulis,3,2,1,52,19.3,19.2,3.1,NA,0.5,1
Guaraguacu,M3,abr./16,Ludwigia_peruviana,1,1,4,13,19.2,6.5,2.5,0.5,0.5,1
Guaraguacu,M3,abr./16,Ludwigia_peruviana,2,1,4,32,6.5,3,1.4,0.3,0.3,2
Guaraguacu,M3,abr./16,Polygonum_hydropiperoides,1,1,2,28,14.6,6,1.1,0.3,0.35,2
Guaraguacu,M3,abr./16,Polygonum_hydropiperoides,2,1,2,45,8,7,1.9,0.9,0.3,1
Guaraguacu,M3,abr./16,Polygonum_hydropiperoides,3,1,2,99,28,10.6,2.5,0.7,0.35,2
Guaraguacu,M3,abr./16,Rhyncosphora_sp,1,1,5,55,NA,55,1.3,NA,NA,3
Guaraguacu,M3,abr./16,Rhyncosphora_sp,2,1,5,100,NA,100,1.8,NA,NA,4
Guaraguacu,M3,abr./16,Rhyncosphora_sp,3,1,4,100,NA,100,1.6,NA,NA,3
Guaraguacu,M3,abr./16,Urochloa_arrecta,1,3,5,36,15,4.75,1.6,NA,0.25,3
Guaraguacu,M3,abr./16,Urochloa_arrecta,2,3,5,39,30.3,5,1.9,NA,0.3,2
Guaraguacu,M3,abr./16,Urochloa_arrecta,3,3,5,62,11.6,6,1.8,NA,0.35,2
Guaraguacu,M4,abr./16,Apalanthe_sp,1,1,5,34,13.5,1.2,0.1,NA,0.05,0
Guaraguacu,M4,abr./16,Apalanthe_sp,2,1,5,41.5,13.5,1,0.1,NA,0.15,0
Guaraguacu,M4,abr./16,Apalanthe_sp,3,1,5,77,14.5,1.1,0.1,NA,0.05,0
Guaraguacu,M4,abr./16,Cyperus_giganteus,1,5,4,98,11,222,1.4,NA,NA,1
Guaraguacu,M4,abr./16,Cyperus_giganteus,2,5,4,171,19.5,244,2,NA,NA,0
Guaraguacu,M4,abr./16,Cyperus_giganteus,3,5,5,180,26,235,1.8,NA,NA,1
Guaraguacu,M4,abr./16,Eichhornia_crassipes,1,1,1,17,20,4.5,4.4,10.5,1,5
Guaraguacu,M4,abr./16,Eichhornia_crassipes,2,1,1,27,23,5.6,5.5,20,1.1,4
Guaraguacu,M4,abr./16,Eichhornia_crassipes,3,1,3,30.5,36.5,7.4,6.8,21,1.5,5
Guaraguacu,M4,abr./16,Ludwigia_peruviana,1,3,4,31,50,4.7,3.1,0.7,0.6,4
Guaraguacu,M4,abr./16,Ludwigia_peruviana,2,3,5,60,39.5,8.8,3.6,0.6,0.6,2
Guaraguacu,M4,abr./16,Ludwigia_peruviana,3,3,4,70,61,8.1,5.4,1.15,0.5,3
Guaraguacu,M4,abr./16,Nymphaea_sp,1,5,5,0.1,NA,32.5,30.5,88,NA,3
Guaraguacu,M4,abr./16,Nymphaea_sp,2,5,5,0.1,NA,31,34.5,123,NA,2
Guaraguacu,M4,abr./16,Nymphaea_sp,3,5,5,0.1,NA,30.5,28.5,163,NA,2
Guaraguacu,M4,abr./16,Oxycaryum_cubense,1,2,4,30,15.5,49,0.7,NA,0.3,1
Guaraguacu,M4,abr./16,Oxycaryum_cubense,2,2,3,50,10.5,33.4,0.6,NA,0.5,0
Guaraguacu,M4,abr./16,Oxycaryum_cubense,3,2,3,55,16,54.5,0.7,NA,0.6,2
Guaraguacu,M4,abr./16,Polygonum_punctatum,1,1,1,1,92.1,8.7,1.9,NA,0.4,4
Guaraguacu,M4,abr./16,Polygonum_punctatum,2,1,1,10,NA,9.5,2,NA,0.5,2
Guaraguacu,M4,abr./16,Salvinia_biloba,1,1,1,0.1,3,1.4,1,0.35,0.05,2
Guaraguacu,M4,abr./16,Salvinia_biloba,2,1,1,0.2,1.2,1.5,1.1,0.45,0.05,2
Guaraguacu,M4,abr./16,Salvinia_biloba,3,1,1,0.3,1.7,0.9,0.9,0.5,0.1,2
Guaraguacu,M5,abr./16,Alternanthera_limosa,1,1,1,1.8,4.5,2.1,1.25,0.5,0.35,3
Guaraguacu,M5,abr./16,Alternanthera_limosa,2,1,1,13,5.6,4.1,1.4,0.35,0.35,3
Guaraguacu,M5,abr./16,Alternanthera_limosa,3,1,1,8.5,8.4,3.9,2.1,0.9,0.45,3
Guaraguacu,M5,abr./16,Apalanthe_sp,1,2,3,16.5,4.15,0.9,0.15,0,0.1,0
Guaraguacu,M5,abr./16,Apalanthe_sp,2,2,3,17,2.4,1.1,0.05,0,0.1,0
Guaraguacu,M5,abr./16,Apalanthe_sp,3,2,3,34,20,1.2,0.1,0,0.2,0
Guaraguacu,M5,abr./16,Crinum_americanum,1,3,4,21,NA,44.5,3.9,0,NA,1
Guaraguacu,M5,abr./16,Crinum_americanum,2,3,5,72,NA,80,5,0,NA,2
Guaraguacu,M5,abr./16,Crinum_americanum,3,3,4,83,NA,109,6.3,0,NA,1
Guaraguacu,M5,abr./16,Cyperus_giganteus,1,5,4,130,14,223,1.7,NA,NA,0
Guaraguacu,M5,abr./16,Cyperus_giganteus,2,5,4,163,NA,261,1.4,NA,NA,0
Guaraguacu,M5,abr./16,Cyperus_giganteus,3,5,3,240,26,295,1.8,NA,NA,2
Guaraguacu,M5,abr./16,Echinodorus_tenellus,1,1,2,17,3,6,3.4,10,NA,5
Guaraguacu,M5,abr./16,Echinodorus_tenellus,2,1,3,38,NA,19,14,NA,NA,5
Guaraguacu,M5,abr./16,Eichhornia_crassipes,1,1,2,9.5,33,5.5,6,16.5,0.8,4
Guaraguacu,M5,abr./16,Eichhornia_crassipes,2,1,3,11,37,5.3,5.9,13,1,5
Guaraguacu,M5,abr./16,Eichhornia_crassipes,3,1,2,13,20,5.5,6,10.5,1,3
Guaraguacu,M5,abr./16,Ludwigia_peruviana,1,3,2,50,54,5.5,3.5,0.3,0.45,3
Guaraguacu,M5,abr./16,Ludwigia_peruviana,2,3,4,70,31,5.7,3.4,0.4,1,1
Guaraguacu,M5,abr./16,Ludwigia_peruviana,3,3,5,78,42.5,8,4.4,1.3,0.5,1
Guaraguacu,M5,abr./16,Myriophyllum_aquaticum,1,1,1,2.5,10.3,2.1,1.75,0.35,0.35,0
Guaraguacu,M5,abr./16,Myriophyllum_aquaticum,2,1,2,3,29.5,1,0.45,0.1,0.35,0
Guaraguacu,M5,abr./16,Myriophyllum_aquaticum,3,1,3,4.5,20,2.5,1.7,0.35,0.4,0
Guaraguacu,M5,abr./16,Nymphaea_sp,1,1,1,0.1,NA,35,32.5,127,NA,4
Guaraguacu,M5,abr./16,Nymphaea_sp,2,1,3,0.1,NA,25.6,22.5,73,NA,3
Guaraguacu,M5,abr./16,Nymphaea_sp,3,1,5,0.1,NA,35,35.6,137,NA,5
Guaraguacu,M5,abr./16,Paspalum_repens,1,1,2,32,21,16.4,1.2,0,0.8,1
Guaraguacu,M5,abr./16,Paspalum_repens,2,1,2,55,4.5,28.2,1.2,0,0.8,2
Guaraguacu,M5,abr./16,Paspalum_repens,3,1,2,60,3.5,18,1.2,0,0.6,2
Guaraguacu,M5,abr./16,Polygonum_punctatum,1,1,1,57,80,11.3,2.2,0,0.45,2
Guaraguacu,M5,abr./16,Polygonum_punctatum,2,1,1,73,NA,11,2.2,0,0.5,4
Guaraguacu,M5,abr./16,Polygonum_punctatum,3,1,1,75,76,12.5,2,0,0.45,3
Guaraguacu,M5,abr./16,Salvinia_biloba,1,1,1,0.2,2.2,1.4,1.1,0.4,0.2,2
Guaraguacu,M5,abr./16,Salvinia_biloba,2,1,1,0.2,2.5,1.5,1.2,0.45,0.15,2
Guaraguacu,M5,abr./16,Salvinia_biloba,3,1,1,0.2,3,1.2,1.1,0.35,0.1,2
Guaraguacu,M6,abr./16,Eichhornia_crassipes,1,3,4,10,16.5,6.3,10.2,6.8,0.9,2
Guaraguacu,M6,abr./16,Eichhornia_crassipes,2,3,5,39,10.5,10.5,11,39,0.9,3
Guaraguacu,M6,abr./16,Eichhornia_crassipes,3,3,5,44,22,12.7,12.5,47.5,NA,3
Guaraguacu,M6,abr./16,Hydrocotyle_leucocephala,1,4,2,7.5,5.5,5,6.5,14.3,0.4,0
Guaraguacu,M6,abr./16,Hydrocotyle_leucocephala,2,4,2,18.5,25,7.5,10.3,27,0.45,4
Guaraguacu,M6,abr./16,Hydrocotyle_leucocephala,3,4,2,19.5,6.5,7.8,10,26.2,0.55,1
Guaraguacu,M6,abr./16,Lemna_sp,1,2,5,0.01,0.3,0.3,0.2,NA,NA,0
Guaraguacu,M6,abr./16,Lemna_sp,2,2,5,0.01,0.7,0.3,0.15,NA,NA,0
Guaraguacu,M6,abr./16,Lemna_sp,3,2,5,0.01,1,0.5,0.3,NA,NA,0
Guaraguacu,M6,abr./16,Pistia_stratiotes,1,2,3,8.5,12.5,12,7,1.8,NA,2
Guaraguacu,M6,abr./16,Pistia_stratiotes,2,2,3,9.5,5,10.5,7,1.7,NA,1
Guaraguacu,M6,abr./16,Pistia_stratiotes,3,2,3,10,35.5,11.2,7.5,2.5,0.45,2
Guaraguacu,M6,abr./16,Salvinia_minima,1,1,1,0.1,0.6,0.9,0.7,0.25,0.05,3
Guaraguacu,M6,abr./16,Urochloa_arrecta,1,5,5,65,4,12.2,2.1,NA,0.4,1
Guaraguacu,M6,abr./16,Urochloa_arrecta,2,5,5,69,14,10.1,1.7,NA,0.35,1
Guaraguacu,M6,abr./16,Urochloa_arrecta,3,5,5,69,6.6,13.5,2.2,NA,2.45,1
Guaraguacu,M7,abr./16,Egeria_najas,1,1,1,4,NA,1.4,0.3,0,0.25,0
Guaraguacu,M7,abr./16,Eichhornia_crassipes,1,4,4,21,14.5,8.7,9.5,19.7,1,2
Guaraguacu,M7,abr./16,Eichhornia_crassipes,2,4,5,49,37,14.4,13.3,47.5,1.4,3
Guaraguacu,M7,abr./16,Eichhornia_crassipes,3,4,5,48,45.5,12.3,11.9,45.5,1.1,3
Guaraguacu,M7,abr./16,Pistia_stratiotes,1,3,3,2.7,42,5,4.2,1.6,0.25,3
Guaraguacu,M7,abr./16,Pistia_stratiotes,2,3,5,12,65,11.8,7.3,2.9,NA,4
Guaraguacu,M7,abr./16,Pistia_stratiotes,3,3,5,5,68,12.2,6.9,3.7,0.6,3
Guaraguacu,M7,abr./16,Salvinia_biloba,1,1,1,0.2,1.4,0.9,0.9,0.2,0.05,1
Guaraguacu,M7,abr./16,Salvinia_biloba,2,1,1,0.4,2.4,1.1,1.1,0.25,0.1,3
Guaraguacu,M7,abr./16,Salvinia_biloba,3,1,1,0.3,1.3,1.4,01.05,0.2,1,5
Guaraguacu,M7,abr./16,Urochloa_arrecta,1,4,5,83,13,13,2.7,0,0.45,1
Guaraguacu,M7,abr./16,Urochloa_arrecta,2,4,4,37,9.6,11.3,2.1,0,0.4,0
Guaraguacu,M7,abr./16,Urochloa_arrecta,3,4,5,97,24,13.5,2,0,0.35,0
Guaraguacu,M8,abr./16,Crinum_americanum,1,2,3,57,NA,61,3.4,NA,NA,0
Guaraguacu,M8,abr./16,Crinum_americanum,2,2,4,62,NA,86.5,3.5,NA,NA,1
Guaraguacu,M8,abr./16,Crinum_americanum,3,2,2,82,NA,103,3.5,NA,NA,1
Guaraguacu,M8,abr./16,Cyperus_giganteus,1,2,4,80,5.8,141.5,0.8,NA,NA,1
Guaraguacu,M8,abr./16,Cyperus_giganteus,2,2,5,192,NA,236,1,NA,NA,1
Guaraguacu,M8,abr./16,Cyperus_giganteus,3,2,5,22.5,NA,289,1.4,NA,NA,1
Guaraguacu,M8,abr./16,Eichhornia_crassipes,1,2,2,14.5,37,7.9,9.4,14,0.85,5
Guaraguacu,M8,abr./16,Eichhornia_crassipes,2,2,3,19.5,28.5,7.5,10.7,18.2,0.85,4
Guaraguacu,M8,abr./16,Eichhornia_crassipes,3,2,3,59,25.5,16.6,14.9,48.3,1.4,1
Guaraguacu,M8,abr./16,Hydrocotyle_leucocephala,1,2,5,10.5,14.5,6.3,8.2,16.4,0.5,1
Guaraguacu,M8,abr./16,Hydrocotyle_leucocephala,2,2,4,18.7,26.5,8.7,10.9,26.3,0.65,1
Guaraguacu,M8,abr./16,Hydrocotyle_leucocephala,3,2,2,21,12,8.4,11.1,24,6.5,0
Guaraguacu,M8,abr./16,Ludwigia_peruviana,1,2,1,106,24.5,14.5,4.6,1.7,0.6,4
Guaraguacu,M8,abr./16,Ludwigia_peruviana,2,2,3,108,24.5,8.8,3.5,1.8,0.45,3
Guaraguacu,M8,abr./16,Ludwigia_peruviana,3,2,1,137,26.5,7.5,3.3,1,0.55,3
Guaraguacu,M8,abr./16,Nymphaea_sp,1,1,5,0.01,NA,36.5,34.5,363,NA,5
Guaraguacu,M8,abr./16,Nymphaea_sp,2,1,5,0.01,NA,38,37,159,NA,2
Guaraguacu,M8,abr./16,Nymphaea_sp,3,1,5,0.01,NA,41,38.5,161,NA,2
Guaraguacu,M8,abr./16,Pistia_stratiotes,1,2,5,3.1,37.5,5.3,4.5,1.5,0.3,3
Guaraguacu,M8,abr./16,Pistia_stratiotes,2,2,2,4,24,4.1,3.5,1.5,NA,3
Guaraguacu,M8,abr./16,Pistia_stratiotes,3,2,5,4.5,56.5,7.5,6.5,3,0.4,4
Guaraguacu,M8,abr./16,Urochloa_arrecta,1,3,5,73,18.2,10.8,1.9,NA,0.35,1
Guaraguacu,M8,abr./16,Urochloa_arrecta,2,3,5,85,13.1,11.4,2,NA,0.35,0
Guaraguacu,M8,abr./16,Urochloa_arrecta,3,3,5,90,11,11.7,2.1,NA,0.35,1
Guaraguacu,M9,abr./16,Crinum_americanum,1,1,4,93,NA,110,4,NA,NA,1
Guaraguacu,M9,abr./16,Crinum_americanum,2,1,3,87,NA,107,5.4,NA,NA,1
Guaraguacu,M9,abr./16,Crinum_americanum,3,1,2,37,84.5,3,NA,NA,NA,0
Guaraguacu,M9,abr./16,Cyperus_giganteus,1,3,4,121.5,NA,181.7,2.8,NA,NA,1
Guaraguacu,M9,abr./16,Cyperus_giganteus,2,3,5,201,NA,240,1.6,NA,NA,1
Guaraguacu,M9,abr./16,Cyperus_giganteus,3,3,4,171,NA,192,1.7,NA,NA,0
Guaraguacu,M9,abr./16,Eichhornia_crassipes,1,1,3,9.5,23.5,5.4,7.6,9.7,0.8,1
Guaraguacu,M9,abr./16,Eichhornia_crassipes,2,1,5,21.5,18,8.1,10.6,19.5,0.8,3
Guaraguacu,M9,abr./16,Eichhornia_crassipes,3,1,3,15,19.5,8.6,11.7,13,0.95,1
Guaraguacu,M9,abr./16,Pistia_stratiotes,1,1,2,9,21,12.7,7,3.5,0.4,4
Guaraguacu,M9,abr./16,Pistia_stratiotes,2,1,5,13,28.5,14.9,15.4,37.5,1.5,2
Guaraguacu,M9,abr./16,Pistia_stratiotes,3,1,1,5.5,11,5.5,4.6,0.9,NA,2
Guaraguacu,M9,abr./16,Urochloa_arrecta,1,4,5,52.5,7.3,11.5,1.85,0,0.45,1
Guaraguacu,M9,abr./16,Urochloa_arrecta,2,4,5,75,8.6,10.5,2.1,0,0.45,1
Guaraguacu,M9,abr./16,Urochloa_arrecta,3,4,5,35,9.4,12.4,1.8,0,0.4,0
Guaraguacu,PM02,abr./16,Hydrocotyle_leucocephala,1,1,3,4,23,4,4.5,1.6,3.5,0
Guaraguacu,PM02,abr./16,Hydrocotyle_leucocephala,2,1,3,8,11.5,5.5,6.5,1.1,4,1
Guaraguacu,PM02,abr./16,Hydrocotyle_leucocephala,3,1,2,4.8,4.5,5.2,6,0.85,4.5,0
Guaraguacu,PM02,abr./16,Panicum_sp,1,1,2,101,21,48,2.4,0,1.95,1
Guaraguacu,PM02,abr./16,Panicum_sp,2,1,2,72,14.2,53,2.5,0,9,0
Guaraguacu,PM02,abr./16,Panicum_sp,3,1,2,95,24.5,51.5,2.6,0,0.9,1
Guaraguacu,PM02,abr./16,Pistia_stratiotes,1,1,1,6,19,7.5,4.4,0.4,3.34,1
Guaraguacu,PM02,abr./16,Pistia_stratiotes,2,1,2,3,15,4.2,4,0.1,1.8,2
Guaraguacu,PM02,abr./16,Salvinia_biloba,1,1,3,0.3,0.35,1.9,1.8,0.35,1,3
Guaraguacu,PM02,abr./16,Urochloa_arrecta,1,5,5,87,17.4,12.7,2.3,0,1.8,0
Guaraguacu,PM02,abr./16,Urochloa_arrecta,2,5,5,36,13,4.3,0.9,0,02.01,0
Guaraguacu,PM02,abr./16,Urochloa_arrecta,3,5,5,59,11.5,9.1,2,0,0.45,1
Guaraguacu,PM04,abr./16,Apalanthe_sp,1,1,1,8.5,12.5,0.6,0.1,0,0.1,0
Guaraguacu,PM04,abr./16,Apalanthe_sp,2,1,1,17,8.5,0.7,0.1,0.05,0.15,0
Guaraguacu,PM04,abr./16,Apalanthe_sp,3,1,1,18,5.5,0.9,0.1,0.01,0.1,0
Guaraguacu,PM04,abr./16,Eichhornia_crassipes,1,1,3,11,26.5,7.8,9.5,14,1,0
Guaraguacu,PM04,abr./16,Eichhornia_crassipes,2,1,5,25,72,9.9,10.3,21,1.1,2
Guaraguacu,PM04,abr./16,Eichhornia_crassipes,3,1,3,33,51,10,10.6,29,0.8,2
Guaraguacu,PM04,abr./16,Hymenachne_amplexicaulis,1,3,3,27,32,19.5,2.8,NA,0.6,2
Guaraguacu,PM04,abr./16,Hymenachne_amplexicaulis,2,3,3,60,21,18.3,2.8,NA,0.6,2
Guaraguacu,PM04,abr./16,Hymenachne_amplexicaulis,3,3,4,128,20,21.7,2.7,NA,0.5,3
Guaraguacu,PM04,abr./16,Lemna_sp,1,1,1,0,5.7,0.35,0.2,NA,NA,0
Guaraguacu,PM04,abr./16,Ludwigia_peruviana,1,1,2,13,21,6.5,3,0.3,0.35,2
Guaraguacu,PM04,abr./16,Ludwigia_peruviana,2,1,3,22,22.5,6.7,3.8,0.6,0.8,1
Guaraguacu,PM04,abr./16,Ludwigia_peruviana,3,1,2,58,33,9.6,4,0.3,0.4,3
Guaraguacu,PM04,abr./16,Myriophyllum_aquaticum,1,1,1,6.5,23.7,1.7,0.4,0.3,0.35,0
Guaraguacu,PM04,abr./16,Myriophyllum_aquaticum,2,1,1,8,15,1.5,0.6,0.35,0.3,1
Guaraguacu,PM04,abr./16,Myriophyllum_aquaticum,3,1,1,9.5,17,1.5,0.6,0.4,0.35,1
Guaraguacu,PM04,abr./16,Nymphaea_sp,1,4,5,0.01,NA,29,27,62,NA,3
Guaraguacu,PM04,abr./16,Nymphaea_sp,2,4,5,0.01,NA,31,26,121,NA,3
Guaraguacu,PM04,abr./16,Nymphaea_sp,3,4,5,0.01,NA,33,30,142,NA,3
Guaraguacu,PM04,abr./16,Polygonum_punctatum,1,1,1,55,19,9,1.8,NA,0.3,1
Guaraguacu,PM04,abr./16,Polygonum_punctatum,2,1,1,85,41,10,1.9,NA,0.4,2
Guaraguacu,PM04,abr./16,Polygonum_punctatum,3,1,1,98,70,11,1.8,NA,0.5,3
Guaraguacu,PM04,abr./16,Ricciocarpus_natans,1,1,1,0,0.3,0.3,0.4,NA,NA,0
Guaraguacu,PM04,abr./16,Ricciocarpus_natans,2,1,1,0,0.7,0.45,0.5,NA,NA,0
Guaraguacu,PM04,abr./16,Ricciocarpus_natans,3,1,1,0,0.5,0.4,0.5,NA,NA,0
Guaraguacu,PM04,abr./16,Salvinia_biloba,1,1,2,0.3,6.7,1.2,0.9,0.45,0.1,3
Guaraguacu,PM04,abr./16,Salvinia_biloba,2,1,1,0.4,6,1.5,1.7,0.4,5,3
Guaraguacu,PM04,abr./16,Salvinia_biloba,3,1,2,0.5,10.5,1.8,2.4,0.4,0.1,3
Guaraguacu,PM04,abr./16,Urochloa_arrecta,1,4,4,10,5,6.1,2.2,NA,0.2,1
Guaraguacu,PM04,abr./16,Urochloa_arrecta,2,4,5,30,7,4.2,1,NA,0.15,3
Guaraguacu,PM04,abr./16,Urochloa_arrecta,3,4,5,31,10.3,4.3,1.5,NA,0.3,2
Guaraguacu,PM04,abr./16,Utricularia_gibba,1,1,1,12.5,NA,0.7,0.02,NA,0.05,0
Guaraguacu,PM04,abr./16,Utricularia_gibba,2,1,1,17,NA,0.5,0.05,NA,0.02,0
Guaraguacu,PM04,abr./16,Utricularia_gibba,3,1,1,27.5,NA,1.1,0.02,NA,0.05,0
Guaraguacu,PM08,abr./16,Eichhornia_crassipes,1,1,4,31,33.7,11.7,11.8,36.5,2,4
Guaraguacu,PM08,abr./16,Eichhornia_crassipes,2,1,2,35,39,12.2,12.8,39.5,1,3
Guaraguacu,PM08,abr./16,Eichhornia_crassipes,3,1,4,48.5,33,14.7,13.7,58,1.7,3
Guaraguacu,PM08,abr./16,Hydrocotyle_leucocephala,1,1,5,6.5,10,05.05,6.3,4.9,0.45,1
Guaraguacu,PM08,abr./16,Hydrocotyle_leucocephala,2,1,5,10.5,23.5,7.5,9.5,18,0.7,2
Guaraguacu,PM08,abr./16,Hydrocotyle_leucocephala,3,1,5,15.5,6.5,8.5,10.2,14.7,0.7,0
Guaraguacu,PM08,abr./16,Pistia_stratiotes,1,2,2,4,17,5,4.9,1.3,0.35,2
Guaraguacu,PM08,abr./16,Pistia_stratiotes,2,2,5,11.8,56.5,14.5,8.1,3,0.6,3
Guaraguacu,PM08,abr./16,Pistia_stratiotes,3,2,5,14.5,58.5,15.6,8.5,3.2,0.65,3
Guaraguacu,PM08,abr./16,Urochloa_arrecta,1,5,2,44,38,11.7,1.9,NA,0.35,0
Guaraguacu,PM08,abr./16,Urochloa_arrecta,2,5,5,55,6,12,2,NA,0.45,0
Guaraguacu,PM08,abr./16,Urochloa_arrecta,3,5,5,73,11.7,11.8,2.4,NA,0.3,0
Guaraguacu,PM10,abr./16,Apalanthe_sp,1,1,3,27.5,3.4,0.9,0.1,0,0.05,0
Guaraguacu,PM10,abr./16,Apalanthe_sp,2,1,3,36,7.45,0.85,0.15,0,0.1,0
Guaraguacu,PM10,abr./16,Apalanthe_sp,3,1,3,40,9,0.85,0.05,0,0.1,0
Guaraguacu,PM10,abr./16,Eichhornia_crassipes,1,2,3,13.5,24.5,7.1,10.2,15.3,0.7,5
Guaraguacu,PM10,abr./16,Eichhornia_crassipes,2,2,4,19,20,7.6,7.6,19.5,0.95,4
Guaraguacu,PM10,abr./16,Eichhornia_crassipes,3,2,4,32.5,20,9,8.9,25.5,0.95,3
Guaraguacu,PM10,abr./16,Hydrocotyle_leucocephala,1,2,5,5.5,15.5,5.1,6,6.2,0.45,0
Guaraguacu,PM10,abr./16,Hydrocotyle_leucocephala,2,2,3,8,22.6,5.5,6.5,8.4,0.4,3
Guaraguacu,PM10,abr./16,Hydrocotyle_leucocephala,3,2,5,13.5,22.5,7.4,8.9,15.5,0.35,1
Guaraguacu,PM10,abr./16,Lemna_sp,1,1,1,0.01,1.4,0.35,0.2,NA,NA,2
Guaraguacu,PM10,abr./16,Lemna_sp,2,1,1,0.01,1.15,0.35,0.2,NA,NA,0
Guaraguacu,PM10,abr./16,Lemna_sp,3,1,1,0.01,2.1,0.3,0.25,NA,NA,0
Guaraguacu,PM10,abr./16,Ludwigia_peruviana,1,1,1,58,NA,12.5,1.4,0.4,0.5,5
Guaraguacu,PM10,abr./16,Ludwigia_peruviana,2,1,1,65,10.5,11.1,1.5,0.35,0.35,5
Guaraguacu,PM10,abr./16,Nymphaea_sp,1,1,5,0.01,NA,34.5,31,228,NA,5
Guaraguacu,PM10,abr./16,Nymphaea_sp,2,1,4,0.01,NA,36,33.5,94,NA,5
Guaraguacu,PM10,abr./16,Nymphaea_sp,3,1,5,0.01,NA,33,31,196,NA,3
Guaraguacu,PM10,abr./16,Panicum_acuminatum,1,1,1,60,NA,12.9,3.1,0,0.35,1
Guaraguacu,PM10,abr./16,Pistia_stratiotes,1,1,3,0.5,5.5,0.9,1,0.4,0.1,2
Guaraguacu,PM10,abr./16,Pistia_stratiotes,2,1,1,2.5,3.8,2.9,3,0.85,NA,3
Guaraguacu,PM10,abr./16,Pistia_stratiotes,3,1,4,3,16.5,3.3,3.3,1,0.15,2
Guaraguacu,PM10,abr./16,Salvinia_minima,1,1,1,0.1,0.9,0.75,0.7,0.2,0.05,2
Guaraguacu,PM10,abr./16,Salvinia_minima,2,1,1,0.1,1.4,0.9,0.75,0.25,0.05,0
Guaraguacu,PM10,abr./16,Salvinia_minima,3,1,1,0.1,0.5,0.7,0.6,0.25,0.1,5
Guaraguacu,PM10,abr./16,Urochloa_arrecta,1,5,5,34,12.3,10.3,1.95,0,0.35,0
Guaraguacu,PM10,abr./16,Urochloa_arrecta,2,5,5,74,10.8,13.7,2.35,0,0.35,1
Guaraguacu,PM10,abr./16,Urochloa_arrecta,3,5,5,105,4.5,12.3,1.8,0,0.35,1
Guaraguacu,PM12,abr./16,Crinum_americanum,1,5,5,88,NA,94,4,NA,NA,0
Guaraguacu,PM12,abr./16,Crinum_americanum,2,5,3,44,NA,74,3.5,NA,NA,0
Guaraguacu,PM12,abr./16,Crinum_americanum,3,5,5,97,NA,113,4.2,NA,NA,1
Guaraguacu,PM12,abr./16,Cyperus_giganteus,1,5,3,222,NA,272,1.2,NA,NA,0
Guaraguacu,PM12,abr./16,Cyperus_giganteus,2,5,3,60,20,171,1.4,NA,NA,0
Guaraguacu,PM12,abr./16,Cyperus_giganteus,3,5,4,197,NA,238,1.45,NA,NA,2
Guaraguacu,PM14,abr./16,Eleocharis_tenuissima,1,1,4,79,NA,85,0.5,NA,NA,0
Guaraguacu,PM14,abr./16,Eleocharis_tenuissima,2,1,4,84,NA,136,0.45,NA,NA,0
Guaraguacu,PM14,abr./16,Eleocharis_tenuissima,3,1,4,113,NA,136,0.5,NA,NA,0
Guaraguacu,PM14,abr./16,Hydrocotyle_leucocephala,1,5,4,3.5,24.5,6.7,8.4,13.5,0.5,1
Guaraguacu,PM14,abr./16,Hydrocotyle_leucocephala,2,5,4,18.5,5.5,8.2,9.7,20,0.75,0
Guaraguacu,PM14,abr./16,Hydrocotyle_leucocephala,3,5,4,21,5.5,7.6,9.8,20,0.8,0
Guaraguacu,PM14,abr./16,Lemna_sp,1,2,1,0.01,0.5,0.4,0.15,NA,NA,0
Guaraguacu,PM14,abr./16,Lemna_sp,2,2,1,0.01,1.1,0.4,0.3,NA,NA,0
Guaraguacu,PM14,abr./16,Lemna_sp,3,2,1,0.01,3,0.5,0.3,NA,NA,0
Guaraguacu,PM14,abr./16,Ludwigia_grandiflora,1,2,4,10,5.5,3.8,1.9,0.8,0.3,3
Guaraguacu,PM14,abr./16,Ludwigia_grandiflora,2,2,4,10.5,14.5,3.3,2.2,0.7,0.3,4
Guaraguacu,PM14,abr./16,Ludwigia_grandiflora,3,2,5,37,16,12,1.7,0.5,0.4,5
Guaraguacu,PM14,abr./16,Ludwigia_peruviana,1,1,2,93,NA,9.5,1.6,0.35,0.45,2
Guaraguacu,PM14,abr./16,Ludwigia_peruviana,2,1,2,98,NA,11,2.1,0.4,0.3,3
Guaraguacu,PM14,abr./16,Pistia_stratiotes,1,4,5,8.5,38,12.5,7.6,1.8,NA,3
Guaraguacu,PM14,abr./16,Pistia_stratiotes,2,4,5,11,51,16.5,9.3,2.4,0.5,3
Guaraguacu,PM14,abr./16,Pistia_stratiotes,3,4,5,15,51,17.6,10.2,3.3,0.7,3
Guaraguacu,PM14,abr./16,Polygonum_hydropiperoides,1,3,2,33,9.8,8.4,1.4,NA,0.2,3
Guaraguacu,PM14,abr./16,Polygonum_hydropiperoides,2,3,5,59,35.5,21,3.2,NA,0.7,2
Guaraguacu,PM14,abr./16,Polygonum_hydropiperoides,3,3,3,62,15.2,15.5,2.5,NA,0.6,1
Guaraguacu,PM14,abr./16,Polygonum_punctatum,1,4,5,58,8.1,16.5,2.3,NA,0.35,2
Guaraguacu,PM14,abr./16,Polygonum_punctatum,2,4,5,64,14.3,20.5,2.7,NA,0.4,1
Guaraguacu,PM14,abr./16,Polygonum_punctatum,3,4,5,104,19.5,17,2.4,NA,0.45,0
Guaraguacu,PM14,abr./16,Rhyncosphora_sp,1,1,2,99,NA,113,1.1,NA,NA,0
Guaraguacu,PM14,abr./16,Rhyncosphora_sp,2,1,3,105,NA,95,1.6,NA,NA,0
Guaraguacu,PM14,abr./16,Rhyncosphora_sp,3,1,2,130,NA,110,1.6,NA,NA,3
Guaraguacu,PM14,abr./16,Salvinia_cubensis,3,3,5,46,13.7,55,1,NA,0.7,0
Guaraguacu,PM14,abr./16,Salvinia_cubensis,1,3,5,55,16.5,69,1.3,NA,NA,0
Guaraguacu,PM14,abr./16,Salvinia_cubensis,2,3,5,75,9.5,59,0.7,NA,0.35,0
Guaraguacu,PM14,abr./16,Urochloa_arrecta,1,5,5,50,4.5,12.5,1.7,NA,0.35,0
Guaraguacu,PM14,abr./16,Urochloa_arrecta,2,5,5,64,4.6,13.8,1.8,NA,0.4,1
Guaraguacu,PM14,abr./16,Urochloa_arrecta,3,5,5,91,5,12,2.1,NA,0.4,2
Guaraguacu,M1,set./16,Eleocharis_tenuissima,1,2,2,50,NA,55,0.3,NA,NA,0
Guaraguacu,M1,set./16,Eleocharis_tenuissima,2,2,4,75,NA,103,0.3,NA,NA,0
Guaraguacu,M1,set./16,Eleocharis_tenuissima,3,2,5,135,NA,112,0.3,NA,NA,0
Guaraguacu,M1,set./16,Rhyncosphora_corymbosa,1,5,4,72,NA,94,1.6,NA,NA,1
Guaraguacu,M1,set./16,Rhyncosphora_corymbosa,2,5,5,78,NA,120,1.4,NA,NA,1
Guaraguacu,M1,set./16,Rhyncosphora_corymbosa,3,5,5,101,NA,125,3.1,NA,NA,1
Guaraguacu,M2,set./16,Azolla_caroliniana,1,2,5,0.01,0.5,0.1,0.05,NA,NA,0
Guaraguacu,M2,set./16,Azolla_caroliniana,2,2,5,0.01,8,0.2,0.15,NA,NA,0
Guaraguacu,M2,set./16,Azolla_caroliniana,3,2,4,0.01,6.5,0.1,0.1,NA,NA,0
Guaraguacu,M2,set./16,Eichhornia_crassipes,1,1,3,10,107.5,4.7,6.5,11.7,1.2,4
Guaraguacu,M2,set./16,Eichhornia_crassipes,2,1,5,16.5,49.5,4.6,6.9,11.7,0.6,4
Guaraguacu,M2,set./16,Eichhornia_crassipes,3,1,5,16.5,59,5.5,7.4,14.2,1.2,3
Guaraguacu,M2,set./16,Hymenachne_amplexicaulis,1,1,1,15.5,14,12.8,2.7,NA,0.6,1
Guaraguacu,M2,set./16,Hymenachne_amplexicaulis,2,1,1,19,21.7,8,2.5,NA,0.4,1
Guaraguacu,M2,set./16,Hymenachne_amplexicaulis,3,1,1,29,8.9,10.4,3,NA,0.3,0
Guaraguacu,M2,set./16,Ludwigia_peruviana,1,2,5,10,31,8.7,4.2,0.7,0.7,2
Guaraguacu,M2,set./16,Ludwigia_peruviana,2,2,4,10.5,23.5,7.5,4.9,1.2,0.4,1
Guaraguacu,M2,set./16,Ludwigia_peruviana,3,2,5,15,14.5,7.4,4.2,1.3,0.4,1
Guaraguacu,M2,set./16,Nymphaea_sp,1,1,4,0.01,NA,14,16.2,91.9,NA,2
Guaraguacu,M2,set./16,Nymphaea_sp,2,1,2,0.01,NA,17.2,17.5,122.5,NA,2
Guaraguacu,M2,set./16,Nymphaea_sp,3,1,5,0.01,NA,16.1,15.5,93.5,NA,2
Guaraguacu,M2,set./16,Oxycaryum_cubense,1,1,1,2.1,1.7,2.6,0.15,NA,NA,0
Guaraguacu,M2,set./16,Oxycaryum_cubense,2,1,1,4.5,28.7,4.9,0.15,NA,NA,0
Guaraguacu,M2,set./16,Oxycaryum_cubense,3,1,1,5.2,5.5,7.4,0.15,NA,NA,0
Guaraguacu,M2,set./16,Rhyncosphora_corymbosa,1,5,2,70,NA,70.5,1.1,NA,NA,2
Guaraguacu,M2,set./16,Rhyncosphora_corymbosa,2,5,4,73,NA,67.5,5.1,NA,NA,1
Guaraguacu,M2,set./16,Rhyncosphora_corymbosa,3,5,4,81,NA,100.1,1.1,NA,NA,0
Guaraguacu,M2,set./16,Ricciocarpus_natans,1,1,1,NA,0.9,0.3,0.4,NA,NA,0
Guaraguacu,M2,set./16,Ricciocarpus_natans,2,1,1,NA,0.7,0.4,0.3,NA,NA,0
Guaraguacu,M2,set./16,Ricciocarpus_natans,3,1,1,NA,0.5,0.3,0.2,NA,NA,0
Guaraguacu,M2,set./16,Salvinia_biloba,1,1,4,0.5,14.3,1.5,1.4,0.3,0.3,2
Guaraguacu,M2,set./16,Salvinia_biloba,2,2,5,1,4.2,1.9,2.2,0.6,0.15,1
Guaraguacu,M2,set./16,Salvinia_biloba,3,1,5,1.5,15.5,1.9,2.2,0.3,0.2,2
Guaraguacu,M4,set./16,Apalanthe_sp,1,1,1,13.2,3.4,0.9,0.1,NA,0.1,0
Guaraguacu,M4,set./16,Apalanthe_sp,2,1,4,26.4,4.5,0.7,0.1,NA,0.1,0
Guaraguacu,M4,set./16,Apalanthe_sp,3,1,4,40.5,10.7,0.9,0.1,NA,0.1,0
Guaraguacu,M4,set./16,Cyperus_giganteus,1,5,3,45,NA,74.7,0.8,NA,NA,1
Guaraguacu,M4,set./16,Cyperus_giganteus,2,5,3,140,NA,212,1.5,NA,NA,1
Guaraguacu,M4,set./16,Cyperus_giganteus,3,5,3,207,NA,228,1.5,NA,NA,1
Guaraguacu,M4,set./16,Egeria_densa,1,5,2,103.5,15.3,2.4,0.2,NA,0.2,0
Guaraguacu,M4,set./16,Egeria_densa,2,5,5,105,61,3.2,0.4,NA,0.3,0
Guaraguacu,M4,set./16,Egeria_densa,3,5,5,141.5,46,3.3,0.3,NA,0.15,0
Guaraguacu,M4,set./16,Eichhornia_crassipes,1,2,2,8,26,4.6,7.9,6.4,0.7,3
Guaraguacu,M4,set./16,Eichhornia_crassipes,2,2,3,11,51,8,10,13.5,0.9,2
Guaraguacu,M4,set./16,Eichhornia_crassipes,3,2,5,22,22.3,7.4,9.7,21.5,1.7,4
Guaraguacu,M4,set./16,Hydrocotyle_leucocephala,1,1,1,5,7.7,7.3,9.2,28.4,0.4,4
Guaraguacu,M4,set./16,Hydrocotyle_leucocephala,2,1,2,0.01,29.5,7.4,8.9,15.7,0.5,2
Guaraguacu,M4,set./16,Hydrocotyle_leucocephala,3,1,1,0.5,4.9,1.5,1.9,6.3,0.1,1
Guaraguacu,M4,set./16,Lemna_sp,1,1,1,0.01,0.3,0.3,0.2,NA,NA,0
Guaraguacu,M4,set./16,Lemna_sp,2,1,2,0.01,1.1,0.3,0.1,NA,NA,0
Guaraguacu,M4,set./16,Lemna_sp,3,1,2,0.01,0.6,0.3,0.2,NA,NA,1
Guaraguacu,M4,set./16,Ludwigia_peruviana,1,1,5,32,NA,4.2,3.1,1.2,0.3,2
Guaraguacu,M4,set./16,Ludwigia_peruviana,2,1,5,38,14.5,7.3,5.2,1.5,0.9,0
Guaraguacu,M4,set./16,Ludwigia_peruviana,3,1,5,40,26.5,6.4,4.5,1.9,0.6,1
Guaraguacu,M4,set./16,Nhernanoera_sp,1,1,1,6,7.7,2.2,1,0.2,0.4,0
Guaraguacu,M4,set./16,Nhernanoera_sp,2,1,1,14.6,7.5,3.2,1,0.2,0.4,0
Guaraguacu,M4,set./16,Nhernanoera_sp,3,1,1,14.5,8.4,2.9,1.2,0.3,0.3,0
Guaraguacu,M4,set./16,Nymphaea_sp,1,3,4,0.01,22,14.5,15.2,62.5,NA,4
Guaraguacu,M4,set./16,Nymphaea_sp,2,3,4,0.01,NA,11.8,12.5,55.5,NA,2
Guaraguacu,M4,set./16,Nymphaea_sp,3,3,5,0.01,80.7,12.5,13.2,40.5,NA,2
Guaraguacu,M4,set./16,Oxycaryum_cubense,1,1,1,20,15.2,35.4,0.9,NA,NA,1
Guaraguacu,M4,set./16,Oxycaryum_cubense,2,1,2,13,15.7,20.4,0.6,NA,NA,0
Guaraguacu,M4,set./16,Oxycaryum_cubense,3,1,2,22,14.7,23,0.8,NA,0.7,3
Guaraguacu,M4,set./16,Pistia_stratiotes,1,1,1,1,5.8,2.7,2.7,0.4,NA,1
Guaraguacu,M4,set./16,Pistia_stratiotes,2,1,1,2.5,17.5,5.9,5.5,1.2,0.4,4
Guaraguacu,M4,set./16,Pistia_stratiotes,3,1,1,3.5,11.5,4.4,3.9,0.8,1.7,4
Guaraguacu,M4,set./16,Salvinia_biloba,1,1,1,0.3,8,2.1,2,0.3,0.1,3
Guaraguacu,M4,set./16,Salvinia_biloba,2,1,2,0.2,3.5,1.7,1.5,0.3,0.1,3
Guaraguacu,M4,set./16,Salvinia_biloba,3,1,2,0.5,8.7,2.3,2.2,0.3,0.1,2
Guaraguacu,M5,set./16,Apalanthe_sp,1,1,1,11.2,2.1,0.6,0.05,NA,0.1,0
Guaraguacu,M5,set./16,Apalanthe_sp,2,1,1,12.5,10,0.9,0.15,NA,0.15,0
Guaraguacu,M5,set./16,Apalanthe_sp,3,1,1,26.5,9.1,0.8,0.15,NA,0.1,0
Guaraguacu,M5,set./16,Commelina_nudiflora,1,2,2,14,10,8,2,,0.4,3
Guaraguacu,M5,set./16,Commelina_nudiflora,2,2,2,18,NA,9.8,2.1,NA,0.4,4
Guaraguacu,M5,set./16,Crinum_americanum,1,1,3,30,NA,50.5,4,NA,NA,1
Guaraguacu,M5,set./16,Crinum_americanum,2,1,3,37.5,NA,65,3.9,NA,NA,1
Guaraguacu,M5,set./16,Crinum_americanum,3,1,3,49,NA,58.5,4.1,NA,NA,1
Guaraguacu,M5,set./16,Cyperus_giganteus,1,3,4,76,NA,153,1.1,NA,NA,0
Guaraguacu,M5,set./16,Cyperus_giganteus,2,3,4,190,NA,233.2,1.2,NA,NA,0
Guaraguacu,M5,set./16,Cyperus_giganteus,3,3,4,202,NA,253,1.1,NA,NA,0
Guaraguacu,M5,set./16,Echinodorus_tenellus,1,1,5,36,NA,31,20,91,NA,1
Guaraguacu,M5,set./16,Echinodorus_tenellus,2,1,5,56,NA,30,24,82,NA,1
Guaraguacu,M5,set./16,Echinodorus_tenellus,3,1,5,76,NA,36,28,104,NA,3
Guaraguacu,M5,set./16,Eichhornia_crassipes,1,1,4,4,6,3,5,0.3,NA,1
Guaraguacu,M5,set./16,Eichhornia_crassipes,2,1,4,6,41,3.8,5.8,0.6,NA,2
Guaraguacu,M5,set./16,Eichhornia_crassipes,3,1,4,6,52,4,6.5,0.3,NA,1
Guaraguacu,M5,set./16,Myriophyllum_aquaticum,1,1,3,3.5,8,2.5,0.8,0.3,0.3,0
Guaraguacu,M5,set./16,Myriophyllum_aquaticum,2,1,3,5,10.3,2.6,0.7,0.4,0.3,0
Guaraguacu,M5,set./16,Myriophyllum_aquaticum,3,1,3,6.5,11.1,2.5,0.6,0.3,0.3,0
,,,,,,,,,,,,,
,,,,,,,,,,,,,
,,,,,,,,,,,,,
,,,,,,,,,,,,,
,,,,,,,,,,,,,
,,,,,,,,,,,,,
,,,,,,,,,,,,,
,,,,,,,,,,,,,
,,,,,,,,,,,,,
,,,,,,,,,,,,,
,,,,,,,,,,,,,
,,,,,,,,,,,,,
Guaraguacu,M5,set./16,Nymphaea_sp,1,1,3,0.01,NA,8.6,14.2,46.5,NA,3
Guaraguacu,M5,set./16,Oxycaryum_cubense,1,1,5,33,7,62,1,NA,0.2,1
Guaraguacu,M5,set./16,Oxycaryum_cubense,2,1,5,36,73.5,45,0.9,NA,0.7,1
Guaraguacu,M5,set./16,Oxycaryum_cubense,3,1,5,41,21.5,42.2,0.7,NA,0.8,1
Guaraguacu,M5,set./16,Paspalum_repens,1,1,2,61,10.5,3.6,1.3,0.5,0.3,1
Guaraguacu,M5,set./16,Paspalum_repens,2,1,2,69,10.5,3.2,1.5,0.4,0.4,2
Guaraguacu,M5,set./16,Paspalum_repens,3,1,2,74,6.3,4.6,1.9,0.8,0.5,1
Guaraguacu,M5,set./16,Pistia_stratiotes,1,1,1,0.8,4.5,4,3.7,0.4,NA,0
Guaraguacu,M5,set./16,Salvinia_biloba,1,1,2,0.3,6,1.8,1.5,0.12,0.1,1
Guaraguacu,M5,set./16,Salvinia_biloba,2,1,2,0.3,4.2,1.8,1.7,0.1,0.1,1
Guaraguacu,M5,set./16,Salvinia_biloba,3,1,2,0.5,3.9,2,1.7,0.2,0.1,0
Guaraguacu,M5,set./16,Urochloa_arrecta,1,2,5,23,NA,9.3,1.5,NA,0.3,3
Guaraguacu,M5,set./16,Urochloa_arrecta,2,2,5,45,2.2,10.7,1.7,NA,0.3,3
Guaraguacu,M5,set./16,Urochloa_arrecta,3,2,5,63,NA,10.4,1.3,NA,0.3,3
Guaraguacu,M5,set./16,Utricularia_gibba,1,1,1,81,NA,0.4,0.1,NA,0.01,0
Guaraguacu,M5,set./16,Utricularia_gibba,2,1,1,93,NA,0.45,0.01,NA,0.01,0
Guaraguacu,M5,set./16,Utricularia_gibba,3,1,1,141,NA,0.35,0.01,NA,0.01,0
Guaraguacu,M6,set./16,Alternanthera_limosa,1,1,1,8,10,3.2,1.2,0.2,0.3,1
Guaraguacu,M6,set./16,Eichhornia_crassipes,1,1,4,11.5,26,7,9.6,16,0.7,2
Guaraguacu,M6,set./16,Eichhornia_crassipes,2,1,4,9.5,10.8,6,8.2,8.5,0.4,3
Guaraguacu,M6,set./16,Eichhornia_crassipes,3,1,3,8.5,24,5.4,8.1,10.1,0.7,3
Guaraguacu,M6,set./16,Hydrocotyle_leucocephala,1,1,1,31,32.1,8.2,11.2,34.3,0.7,2
Guaraguacu,M6,set./16,Hydrocotyle_leucocephala,2,1,1,2.5,6.7,2.1,2.9,7.8,0.4,0
Guaraguacu,M6,set./16,Hydrocotyle_leucocephala,3,1,2,17,20.8,6,7.4,21.7,0.45,3
Guaraguacu,M6,set./16,Lemna_sp,1,5,4,0.01,0.8,0.3,0.5,NA,NA,0
Guaraguacu,M6,set./16,Lemna_sp,2,5,4,0.01,1.6,0.4,0.2,NA,NA,0
Guaraguacu,M6,set./16,Lemna_sp,3,5,4,0.01,0.6,0.5,0.2,NA,NA,0
Guaraguacu,M6,set./16,Limnobium_sp,1,3,2,0.01,1.4,1,0.7,NA,NA,0
Guaraguacu,M6,set./16,Limnobium_sp,2,3,2,0.01,1.7,0.9,0.7,NA,NA,0
Guaraguacu,M6,set./16,Limnobium_sp,3,3,2,0.01,1.9,0.9,0.8,NA,NA,0
Guaraguacu,M6,set./16,Ludwigia_grandiflora,1,1,3,15.7,10.4,3.7,2.1,0.9,0.4,2
Guaraguacu,M6,set./16,Ludwigia_grandiflora,2,1,3,3.5,12.4,2,1.6,0.3,0.5,1
Guaraguacu,M6,set./16,Ludwigia_grandiflora,3,1,2,22,15.2,4,2.1,0.4,0.5,1
Guaraguacu,M6,set./16,Panicum_acuminatum,1,1,5,60,17,23.3,4.2,NA,0.6,0
Guaraguacu,M6,set./16,Panicum_acuminatum,2,1,5,38,9.7,20.7,3.4,NA,0.5,1
Guaraguacu,M6,set./16,Panicum_acuminatum,3,1,5,79,25.7,22.5,3.8,NA,0.6,1
Guaraguacu,M6,set./16,Pistia_stratiotes,1,2,5,3,35.5,5.5,5.5,1.2,0.2,1
Guaraguacu,M6,set./16,Pistia_stratiotes,2,2,5,8.7,23.5,10.6,7.2,3.2,0.9,4
Guaraguacu,M6,set./16,Pistia_stratiotes,3,2,5,5,19.2,5.2,5.4,0.8,0.2,1
Guaraguacu,M6,set./16,Salvinia_biloba,1,3,3,0.5,2.3,1.4,1.2,0.2,0.1,0
Guaraguacu,M6,set./16,Salvinia_biloba,2,3,4,0.4,2.4,1.3,1.4,0.2,0.1,0
Guaraguacu,M6,set./16,Salvinia_biloba,3,3,4,1,3,1.3,1.3,0.1,0.25,0
Guaraguacu,M6,set./16,Urochloa_arrecta,1,5,5,32,6.5,11.9,1.9,NA,0.4,4
Guaraguacu,M6,set./16,Urochloa_arrecta,2,5,5,55,NA,12.2,1.8,NA,0.3,3
Guaraguacu,M6,set./16,Urochloa_arrecta,3,5,5,85.5,NA,15,2.1,NA,0.4,2
Guaraguacu,M7,set./16,Eichhornia_crassipes,1,1,3,28,6,8.5,8.4,32,NA,4
Guaraguacu,M7,set./16,Eichhornia_crassipes,2,1,3,30,30,8.5,10.3,24.1,NA,3
Guaraguacu,M7,set./16,Hydrocotyle_leucocephala,1,1,3,12,NA,6.6,9.2,30,NA,0
Guaraguacu,M7,set./16,Hydrocotyle_leucocephala,2,1,3,16,5.3,5.8,7.1,25.4,0.5,1
Guaraguacu,M7,set./16,Hydrocotyle_leucocephala,3,1,3,5,5.6,3.9,3.2,6.3,0.34,2
Guaraguacu,M7,set./16,Lemna_sp,1,1,1,0.01,0.3,0.2,0.5,0,0,1
Guaraguacu,M7,set./16,Lemna_sp,2,1,1,0.01,0.6,0.25,0.4,0,0,0
Guaraguacu,M7,set./16,Lemna_sp,3,1,1,0.01,0.6,0.25,0.3,0,0,0
Guaraguacu,M7,set./16,Ludwigia_grandiflora,1,1,1,35,34.5,4.1,3,1.5,0.4,1
Guaraguacu,M7,set./16,Panicum_acuminatum,1,2,5,54,35,20,3,0.4,0.5,1
Guaraguacu,M7,set./16,Panicum_acuminatum,2,2,5,80,33,22.4,3.4,0.8,0.6,1
Guaraguacu,M7,set./16,Panicum_acuminatum,3,2,5,30,23,11.1,2,0.14,0.64,2
Guaraguacu,M7,set./16,Pistia_stratiotes,1,2,3,5,22,8,5,1,NA,2
Guaraguacu,M7,set./16,Pistia_stratiotes,2,2,3,3,13.6,3.8,3.1,0.9,NA,1
Guaraguacu,M7,set./16,Pistia_stratiotes,3,2,3,3,16.7,3.2,3.5,1.6,NA,3
Guaraguacu,M7,set./16,Salvinia_biloba,1,1,1,0.02,4,1.5,1,0,0.11,2
Guaraguacu,M7,set./16,Salvinia_biloba,2,1,1,0.01,3.6,1.7,1.3,0.4,0.14,1
Guaraguacu,M7,set./16,Salvinia_biloba,3,1,1,0.01,3.2,1.5,1.2,0.4,0.04,2
Guaraguacu,M7,set./16,Urochloa_arrecta,1,5,5,40,11.5,10.5,1.4,0,0.4,4
Guaraguacu,M7,set./16,Urochloa_arrecta,2,5,5,26,7.1,12.1,1.7,0,0.3,3
Guaraguacu,M7,set./16,Urochloa_arrecta,3,5,5,32,5.6,10,1.5,0,0.3,2
Guaraguacu,M8,set./16,Commelina_nudiflora,1,1,1,12,33.3,9.3,3.1,0,0.6,2
Guaraguacu,M8,set./16,Commelina_nudiflora,2,1,2,21,45.6,8.8,2.7,0,0.4,2
Guaraguacu,M8,set./16,Commelina_nudiflora,3,1,2,22,33.6,10.7,3.3,0,0.5,3
Guaraguacu,M8,set./16,Crinum_americanum,1,1,2,77,NA,84,3.9,NA,NA,1
Guaraguacu,M8,set./16,Crinum_americanum,2,1,3,81,NA,92,3.5,NA,NA,1
Guaraguacu,M8,set./16,Crinum_americanum,3,1,1,99,NA,107.7,4.3,NA,NA,1
Guaraguacu,M8,set./16,Cyperus_giganteus,1,4,5,124.5,NA,182,1.1,NA,NA,0
Guaraguacu,M8,set./16,Cyperus_giganteus,2,4,5,199,NA,223.5,1,NA,NA,1
Guaraguacu,M8,set./16,Cyperus_giganteus,3,4,5,293,NA,0.97,1.1,NA,NA,3
Guaraguacu,M8,set./16,Eichhornia_crassipes,1,2,3,14,29,5.9,7.6,15.3,0.75,1
Guaraguacu,M8,set./16,Eichhornia_crassipes,2,2,3,26,21.7,6.2,8.3,16.5,0.7,2
Guaraguacu,M8,set./16,Eichhornia_crassipes,3,2,5,28,38.5,9.5,7.7,26.5,0.7,2
Guaraguacu,M8,set./16,Hydrocotyle_leucocephala,1,2,3,10.5,8.4,3.1,3.7,8.7,0.3,0
Guaraguacu,M8,set./16,Hydrocotyle_leucocephala,2,2,1,19,18.4,6.1,7.7,24.2,0.3,4
Guaraguacu,M8,set./16,Hydrocotyle_leucocephala,3,2,2,40,18.5,8.1,10.5,38.5,0.6,1
Guaraguacu,M8,set./16,Lemna_sp,1,1,1,0.01,0.35,0.35,0.2,NA,NA,0
Guaraguacu,M8,set./16,Lemna_sp,2,1,1,0.01,0.35,0.4,0.2,NA,NA,0
Guaraguacu,M8,set./16,Lemna_sp,3,1,1,0.01,0.35,0.35,0.1,NA,NA,1
Guaraguacu,M8,set./16,Ludwigia_grandiflora,1,1,1,22,11.7,3.4,2.2,0.8,0.35,2
Guaraguacu,M8,set./16,Nymphaea_sp,1,1,5,0.01,38,18,17,108,NA,3
Guaraguacu,M8,set./16,Nymphaea_sp,2,1,4,0.01,NA,14,13.4,74.5,NA,1
Guaraguacu,M8,set./16,Nymphaea_sp,3,1,4,0.01,NA,17.5,16.2,103.5,NA,2
Guaraguacu,M8,set./16,Pistia_stratiotes,1,1,4,0.4,12.5,3,2.9,1.9,0.2,5
Guaraguacu,M8,set./16,Pistia_stratiotes,2,1,2,0.5,2,1.3,0.9,0.2,0.1,1
Guaraguacu,M8,set./16,Pistia_stratiotes,3,1,2,1,26.9,2.9,3,1.2,0.1,5
Guaraguacu,M8,set./16,Urochloa_arrecta,1,2,5,26.5,9.9,14.5,1.8,0,0.3,4
Guaraguacu,M8,set./16,Urochloa_arrecta,2,2,5,74,8.5,14.3,2.1,0,0.4,4
Guaraguacu,M8,set./16,Urochloa_arrecta,3,2,4,75,6.5,11.6,1.7,0,0.3,3
Guaraguacu,M9,set./16,Crinum_americanum,1,2,2,60.5,NA,69.5,3.7,NA,NA,1
Guaraguacu,M9,set./16,Crinum_americanum,2,2,3,75.5,NA,90,5.1,NA,NA,1
Guaraguacu,M9,set./16,Crinum_americanum,3,2,3,43.5,NA,86,3.6,NA,NA,1
Guaraguacu,M9,set./16,Cyperus_giganteus,1,2,4,135,175,1.2,NA,NA,NA,1
Guaraguacu,M9,set./16,Cyperus_giganteus,2,2,4,66.5,123.2,1,NA,NA,NA,0
Guaraguacu,M9,set./16,Cyperus_giganteus,3,2,4,153,24,208.5,1.3,NA,NA,1
Guaraguacu,M9,set./16,Egeria_densa,1,1,1,35,NA,1.8,0.4,NA,NA,0
Guaraguacu,M9,set./16,Eichhornia_crassipes,1,1,5,12.5,30.5,5.6,7.5,9.7,1.1,1
Guaraguacu,M9,set./16,Eichhornia_crassipes,2,1,5,14,28.2,5.4,5.7,13.1,0.8,2
Guaraguacu,M9,set./16,Eichhornia_crassipes,3,1,5,7.5,5.6,3.7,6.2,6.6,0.9,1
Guaraguacu,M9,set./16,Urochloa_arrecta,1,4,5,68,5.6,11.6,1.9,0,0.3,3
Guaraguacu,M9,set./16,Urochloa_arrecta,2,4,5,32,NA,10.2,1.6,0,0.3,3
Guaraguacu,M9,set./16,Urochloa_arrecta,3,4,5,52,5.6,12.5,2,0,0.4,3
Guaraguacu,PM02,set./16,Commelina_nudiflora,1,1,2,12,NA,5,1,0,0.2,1
Guaraguacu,PM02,set./16,Commelina_nudiflora,2,1,1,14,NA,7,2,0,0.12,4
Guaraguacu,PM02,set./16,Commelina_nudiflora,3,1,2,31,59,5.5,1.5,0,0.15,4
Guaraguacu,PM02,set./16,Eichhornia_crassipes,1,1,1,9,33.6,5.5,8.1,1.8,NA,2
Guaraguacu,PM02,set./16,Eichhornia_crassipes,2,1,1,3.5,11,3,4.5,0.3,NA,2
Guaraguacu,PM02,set./16,Hydrocotyle_leucocephala,1,1,1,0.2,6,3,4,4.5,0.5,0
Guaraguacu,PM02,set./16,Hydrocotyle_leucocephala,2,1,1,5,12,7,7.5,7,0.2,1
Guaraguacu,PM02,set./16,Hydrocotyle_leucocephala,3,1,1,2,26,3.5,4,10,0.1,2
Guaraguacu,PM02,set./16,Lemna_sp,1,1,1,0.01,0.3,0.2,0.35,NA,NA,0
Guaraguacu,PM02,set./16,Lemna_sp,2,1,1,0.01,1.1,0.2,0.25,NA,NA,0
Guaraguacu,PM02,set./16,Lemna_sp,3,1,1,0.01,0.4,0.2,0.4,NA,NA,0
Guaraguacu,PM02,set./16,Ludwigia_helminthorrhiza,1,1,1,0.5,NA,1.1,0.9,0.15,0.2,1
Guaraguacu,PM02,set./16,Ludwigia_peruviana,1,1,2,32,17,6,1.5,0.7,0.3,2
Guaraguacu,PM02,set./16,Ludwigia_peruviana,2,1,2,14,NA,5,1.8,0.5,0.3,1
Guaraguacu,PM02,set./16,Ludwigia_peruviana,3,1,2,24,NA,5.5,2,0.4,0.1,1
Guaraguacu,PM02,set./16,Pistia_stratiotes,1,1,1,0.8,4,2,2.3,0.4,NA,1
Guaraguacu,PM02,set./16,Pistia_stratiotes,2,1,1,1,4,2,2.3,0.4,NA,1
Guaraguacu,PM02,set./16,Pistia_stratiotes,3,1,1,1.5,5,2.2,2.5,0.5,1,0
Guaraguacu,PM02,set./16,Urochloa_arrecta,1,5,5,22.5,NA,7,0.9,0,0.1,3
Guaraguacu,PM02,set./16,Urochloa_arrecta,2,5,5,45,NA,9,1.5,0,0.2,2
Guaraguacu,PM02,set./16,Urochloa_arrecta,3,5,5,65,NA,9.5,1.5,0,0.8,2
Guaraguacu,PM04,set./16,Azolla_caroliniana,1,2,3,0.01,5.5,0.1,0.1,NA,NA,0
Guaraguacu,PM04,set./16,Azolla_caroliniana,2,2,3,0.01,2.7,0.15,0.1,NA,NA,0
Guaraguacu,PM04,set./16,Azolla_caroliniana,3,2,5,0.01,9.5,0.2,0.2,NA,NA,0
Guaraguacu,PM04,set./16,Commelina_nudiflora,1,3,5,10,31.3,5.7,1.5,NA,0.2,1
Guaraguacu,PM04,set./16,Commelina_nudiflora,2,3,5,32.5,21,7.2,2.3,NA,0.3,1
Guaraguacu,PM04,set./16,Commelina_nudiflora,3,3,5,40,37,6.8,2.5,NA,0.3,1
Guaraguacu,PM04,set./16,Eichhornia_crassipes,1,2,4,5.5,20.6,3.2,4.9,4.7,0.4,5
Guaraguacu,PM04,set./16,Eichhornia_crassipes,2,2,3,10.5,39.9,4.1,6.2,8.5,0.7,3
Guaraguacu,PM04,set./16,Eichhornia_crassipes,3,2,2,10.7,41.5,4.6,6.2,15.7,0.8,4
Guaraguacu,PM04,set./16,Eleocharis_tenuissima,1,1,5,15,NA,16.5,0.4,NA,NA,0
Guaraguacu,PM04,set./16,Eleocharis_tenuissima,2,1,5,60,NA,61,0.3,NA,NA,2
Guaraguacu,PM04,set./16,Eleocharis_tenuissima,3,1,5,67,NA,81.5,0.4,NA,NA,0
Guaraguacu,PM04,set./16,Hymenachne_amplexicaulis,1,1,1,33.5,18.7,11.5,3,NA,0.4,1
Guaraguacu,PM04,set./16,Hymenachne_amplexicaulis,2,1,1,36.5,18.4,18,3.4,NA,0.6,3
Guaraguacu,PM04,set./16,Hymenachne_amplexicaulis,3,1,1,48,24.3,16.8,3.3,NA,0.6,2
Guaraguacu,PM04,set./16,Myriophyllum_aquaticum,1,1,2,1.8,3.4,1,0.4,0.3,0.1,0
Guaraguacu,PM04,set./16,Myriophyllum_aquaticum,2,1,2,3,4.3,1.2,0.4,0.2,0.2,0
Guaraguacu,PM04,set./16,Myriophyllum_aquaticum,3,1,1,3.5,6.6,2.1,0.5,0.3,0.3,0
Guaraguacu,PM04,set./16,Nymphaea_sp,1,1,1,0.01,NA,9.5,7.7,26.5,NA,0
Guaraguacu,PM04,set./16,Polygonum_hydropiperoides,1,1,1,7.5,11.5,3,1.3,0.4,0.1,0
Guaraguacu,PM04,set./16,Polygonum_hydropiperoides,2,1,1,9.5,7.5,3.9,1.6,0.3,0.2,1
Guaraguacu,PM04,set./16,Polygonum_hydropiperoides,3,1,1,21,8.1,6,1.7,0.5,0.2,0
Guaraguacu,PM04,set./16,Rhyncosphora_corymbosa,1,4,5,73.5,NA,89.4,1.7,NA,NA,1
Guaraguacu,PM04,set./16,Rhyncosphora_corymbosa,2,4,5,89,NA,80,1.8,NA,NA,0
Guaraguacu,PM04,set./16,Rhyncosphora_corymbosa,3,4,5,104,NA,93.5,1.4,NA,NA,0
Guaraguacu,PM04,set./16,Ricciocarpus_natans,1,1,1,0.01,0.3,0.4,0.4,NA,NA,0
Guaraguacu,PM04,set./16,Ricciocarpus_natans,2,1,1,0.01,0.3,0.4,0.3,NA,NA,0
Guaraguacu,PM04,set./16,Ricciocarpus_natans,3,1,1,0.01,0.8,0.4,0.4,NA,NA,0
Guaraguacu,PM04,set./16,Salvinia_biloba,1,1,1,0.01,4.7,1.3,1.2,0.3,0.1,2
Guaraguacu,PM04,set./16,Salvinia_biloba,2,1,2,0.01,7.4,1.4,1.1,0.2,0.1,4
Guaraguacu,PM04,set./16,Salvinia_biloba,3,1,1,0.5,6.8,1.1,1,0.3,0.1,4
Guaraguacu,PM08,set./16,Commelina_nudiflora,1,1,1,22,13.6,6.9,1.8,0,0.3,5
Guaraguacu,PM08,set./16,Commelina_nudiflora,2,1,1,43,NA,6.4,1.7,0,0.25,4
Guaraguacu,PM08,set./16,Commelina_nudiflora,3,1,1,50,NA,7.4,2.3,0,0.3,5
Guaraguacu,PM08,set./16,Eichhornia_crassipes,1,1,2,12,30.2,6.5,8.7,10.9,1,2
Guaraguacu,PM08,set./16,Eichhornia_crassipes,2,1,3,19,11,10.9,12.8,32.5,1.3,2
Guaraguacu,PM08,set./16,Eichhornia_crassipes,3,1,3,31,25.5,9.5,8.6,30.2,0.7,5
Guaraguacu,PM08,set./16,Hydrocotyle_leucocephala,1,1,2,10,6.5,6.2,7.4,9.7,0.7,1
Guaraguacu,PM08,set./16,Hydrocotyle_leucocephala,2,1,2,14,7.9,4.1,4.8,5.7,0.5,0
Guaraguacu,PM08,set./16,Hydrocotyle_leucocephala,3,1,2,21,24.6,7.4,8.7,31.6,0.6,1
Guaraguacu,PM08,set./16,Ludwigia_grandiflora,1,1,2,6,5.6,2.8,2.3,0.7,0.4,2
Guaraguacu,PM08,set./16,Ludwigia_grandiflora,2,1,1,6,7.4,2.4,1.9,0.8,0.3,0
Guaraguacu,PM08,set./16,Ludwigia_grandiflora,3,1,1,26,4.3,3,2.2,0.9,0.25,1
Guaraguacu,PM08,set./16,Panicum_acuminatum,1,1,1,28,NA,20.9,3.3,1.5,0.7,1
Guaraguacu,PM08,set./16,Panicum_acuminatum,2,1,1,47,44.4,17.6,3.2,1.3,0.5,2
Guaraguacu,PM08,set./16,Panicum_acuminatum,3,1,1,52,8.4,20.1,3.8,1.5,0.6,0
Guaraguacu,PM08,set./16,Pistia_stratiotes,1,1,2,1.6,5.4,3.1,2.4,1.2,0.1,1
Guaraguacu,PM08,set./16,Pistia_stratiotes,2,1,4,3,18.1,6.7,5.9,1.4,0.5,3
Guaraguacu,PM08,set./16,Pistia_stratiotes,3,1,5,3.5,24.2,5.7,5.3,1.4,0.2,1
Guaraguacu,PM08,set./16,Salvinia_biloba,1,1,1,0.2,3.1,1.4,1.4,0.2,0.05,2
Guaraguacu,PM08,set./16,Salvinia_biloba,2,1,1,0.3,2.5,1.4,1.5,0.1,0.05,2
Guaraguacu,PM08,set./16,Urochloa_arrecta,1,5,5,44,NA,10.2,1.4,0,0.3,2
Guaraguacu,PM08,set./16,Urochloa_arrecta,2,5,5,54,NA,9.1,1.6,0,0.35,2
Guaraguacu,PM08,set./16,Urochloa_arrecta,3,5,5,105,NA,11.3,1.3,0,0.3,2
Guaraguacu,PM10,set./16,Alternanthera_limosa,1,1,3,33,3.9,5.5,1.5,0.4,0.5,1
Guaraguacu,PM10,set./16,Alternanthera_limosa,2,1,3,18,0.6,4.6,1.7,0.5,0.45,1
Guaraguacu,PM10,set./16,Alternanthera_limosa,3,1,3,22,7.5,4.25,1.2,0.3,0.4,0
Guaraguacu,PM10,set./16,Apalanthe_sp,1,1,2,26.4,9.6,0.8,0.1,0,0.1,0
Guaraguacu,PM10,set./16,Apalanthe_sp,2,1,2,21.5,3.2,0.9,0.1,0,0.1,0
Guaraguacu,PM10,set./16,Apalanthe_sp,3,1,2,60,2.1,1,0.1,0,0.1,0
Guaraguacu,PM10,set./16,Azolla_caroliniana,1,1,1,0.01,3.6,0.1,0.15,0,0,0
Guaraguacu,PM10,set./16,Azolla_caroliniana,2,1,1,0.01,3,0.1,0.05,0,0,0
Guaraguacu,PM10,set./16,Azolla_caroliniana,3,1,1,0.01,3.7,0.1,0.1,0,0,0
Guaraguacu,PM10,set./16,Eichhornia_crassipes,1,2,5,15,16,7.5,5.2,13.5,1.2,3
Guaraguacu,PM10,set./16,Eichhornia_crassipes,2,2,4,22.5,20.4,6.1,8.1,17.5,0.9,2
Guaraguacu,PM10,set./16,Eichhornia_crassipes,3,2,3,7.5,12.5,7.3,4.7,9.5,0.6,1
Guaraguacu,PM10,set./16,Hydrocotyle_leucocephala,1,3,5,20,14,7.9,6,17.7,0.7,0
Guaraguacu,PM10,set./16,Hydrocotyle_leucocephala,2,3,5,2.5,10.6,0.8,1.1,2.2,0.3,0
Guaraguacu,PM10,set./16,Hydrocotyle_leucocephala,3,3,5,17,19,6.9,9,18,0.6,1
Guaraguacu,PM10,set./16,Lemna_sp,1,1,1,0.01,1.2,0.2,0.3,0,0,0
Guaraguacu,PM10,set./16,Lemna_sp,2,1,1,0.01,1.2,0.2,0.45,0,0,1
Guaraguacu,PM10,set./16,Lemna_sp,3,1,1,0.01,0.8,0.35,0.2,0,0,0
Guaraguacu,PM10,set./16,Ludwigia_erecta,1,1,1,21,16.5,4.5,3.3,0.8,0.4,4
Guaraguacu,PM10,set./16,Ludwigia_erecta,2,1,2,17.5,3.7,3.5,2.3,0.6,0.35,3
Guaraguacu,PM10,set./16,Ludwigia_erecta,3,1,3,3.5,8.7,2.1,1.4,0.4,0.1,1
Guaraguacu,PM10,set./16,Myriophyllum_aquaticum,1,1,1,3.5,23.7,2.4,0.7,0.3,0.2,0
Guaraguacu,PM10,set./16,Myriophyllum_aquaticum,2,1,4,3.5,26.5,2,0.5,0.3,0.25,0
Guaraguacu,PM10,set./16,Myriophyllum_aquaticum,3,1,4,2.5,12.9,1.8,0.7,0.5,0.3,0
Guaraguacu,PM10,set./16,Pistia_stratiotes,1,1,1,4,6.8,3.9,4.6,0.9,0,2
Guaraguacu,PM10,set./16,Pistia_stratiotes,2,1,1,2,6.5,3.5,3,0.8,0,2
Guaraguacu,PM10,set./16,Pistia_stratiotes,3,1,3,1,7.6,2.4,2.4,0.6,0.2,2
Guaraguacu,PM10,set./16,Salvinia_biloba,1,1,2,0.4,5.5,1.5,1.6,0.2,0.1,1
Guaraguacu,PM10,set./16,Salvinia_biloba,2,1,2,0.5,7.3,1.7,1.7,0.3,0.1,0
Guaraguacu,PM10,set./16,Salvinia_biloba,3,1,2,1,3.6,1.8,1.7,0.2,0.05,3
Guaraguacu,PM10,set./16,Urochloa_arrecta,1,5,5,54,7.8,11.1,1.8,0,0.3,4
Guaraguacu,PM10,set./16,Urochloa_arrecta,2,5,5,74.5,12.5,11.8,1.6,0,0.25,4
Guaraguacu,PM10,set./16,Urochloa_arrecta,3,5,5,20,5.7,9.5,1.1,0,0.2,3
Guaraguacu,PM10,set./16,Utricularia_gibba,1,1,1,15.1,NA,0.75,0.01,0,0.05,0
Guaraguacu,PM10,set./16,Utricularia_gibba,2,1,1,10.5,NA,0.7,0.01,0,0.01,0
Guaraguacu,PM10,set./16,Utricularia_gibba,3,1,1,24.5,NA,0.55,0.01,0,0.05,0
Guaraguacu,PM12,set./16,Cyperus_giganteus,1,3,2,174,NA,203.5,1.5,NA,NA,0
Guaraguacu,PM12,set./16,Cyperus_giganteus,2,3,2,129,NA,163,1.6,NA,NA,1
Guaraguacu,PM12,set./16,Cyperus_giganteus,3,3,2,138,NA,155.2,1.2,NA,NA,1